/*
SQLyog Ultimate v11.27 (32 bit)
MySQL - 5.6.17 : Database - metadata
*********************************************************************
*/

/*!40101 SET NAMES utf8 */;

/*!40101 SET SQL_MODE=''*/;

/*!40014 SET @OLD_UNIQUE_CHECKS=@@UNIQUE_CHECKS, UNIQUE_CHECKS=0 */;
/*!40014 SET @OLD_FOREIGN_KEY_CHECKS=@@FOREIGN_KEY_CHECKS, FOREIGN_KEY_CHECKS=0 */;
/*!40101 SET @OLD_SQL_MODE=@@SQL_MODE, SQL_MODE='NO_AUTO_VALUE_ON_ZERO' */;
/*!40111 SET @OLD_SQL_NOTES=@@SQL_NOTES, SQL_NOTES=0 */;
--CREATE DATABASE /*!32312 IF NOT EXISTS*/`metadata` /*!40100 DEFAULT CHARACTER SET utf8 */;
--
--USE `metadata`;

/*Table structure for table `base_user` */

DROP TABLE IF EXISTS `base_user`;

CREATE TABLE `base_user` (
  `id` char(32) NOT NULL,
  `sysVersion` bigint(20) NOT NULL DEFAULT '1',
  `createdBy` varchar(50) NOT NULL DEFAULT 'admin',
  `modifiedBy` varchar(50) NOT NULL DEFAULT 'admin',
  `deletedBy` varchar(50) DEFAULT NULL,
  `createdOn` timestamp NOT NULL DEFAULT CURRENT_TIMESTAMP,
  `modifiedOn` timestamp NOT NULL DEFAULT CURRENT_TIMESTAMP ON UPDATE CURRENT_TIMESTAMP,
  `deletedOn` timestamp NULL DEFAULT NULL,
  `code` varchar(50) NOT NULL,
  `name` varchar(50) NOT NULL,
  `description` varchar(500) DEFAULT NULL,
  `passWord` varchar(50) NOT NULL,
  PRIMARY KEY (`id`),
  UNIQUE KEY `code` (`code`) USING BTREE
) ENGINE=InnoDB DEFAULT CHARSET=utf8;

/*Data for the table `base_user` */

/*Table structure for table `md_attribute` */

DROP TABLE IF EXISTS `md_attribute`;

CREATE TABLE `md_attribute` (
  `id` char(32) NOT NULL,
  `mdClassId` char(32) NOT NULL,
  `code` varchar(50) NOT NULL,
  `name` varchar(50) NOT NULL,
  `typeId` char(32) NOT NULL,
  `length` int(11) DEFAULT NULL,
  `precision` int(11) DEFAULT NULL,
  `defaultValue` varchar(50) DEFAULT NULL,
  `description` varchar(500) DEFAULT NULL,
  `nullable` bit(1) NOT NULL DEFAULT b'0',
  `sn` int(11) NOT NULL DEFAULT '1',
  `createdBy` varchar(50) NOT NULL DEFAULT 'admin',
  `modifiedBy` varchar(50) NOT NULL DEFAULT 'admin',
  `createdOn` timestamp NOT NULL DEFAULT CURRENT_TIMESTAMP ON UPDATE CURRENT_TIMESTAMP,
  `modifiedOn` timestamp NOT NULL DEFAULT CURRENT_TIMESTAMP ON UPDATE CURRENT_TIMESTAMP,
  `deletedBy` varchar(50) DEFAULT NULL,
  `deletedOn` timestamp NULL DEFAULT NULL,
  `sysversion` bigint(20) NOT NULL DEFAULT '0',
  PRIMARY KEY (`id`),
  KEY `bizKey` (`mdClassId`,`code`) USING BTREE
) ENGINE=InnoDB DEFAULT CHARSET=utf8;

/*Data for the table `md_attribute` */

insert  into `md_attribute`(`id`,`mdClassId`,`code`,`name`,`typeId`,`length`,`precision`,`defaultValue`,`description`,`nullable`,`sn`,`createdBy`,`modifiedBy`,`createdOn`,`modifiedOn`,`deletedBy`,`deletedOn`,`sysversion`) values ('20000000000000000000000000000101','20000000000000000000000000000001','PRIMITIVE','基本数据类型','10000000000000000000000000000002',NULL,NULL,'1',NULL,'\0',0,'admin','admin','2016-12-19 20:42:57','2016-12-19 20:42:57',NULL,NULL,0),('20000000000000000000000000000102','20000000000000000000000000000001','CUSTOM','自定义类型','10000000000000000000000000000002',NULL,NULL,'2',NULL,'\0',1,'admin','admin','2016-12-19 20:48:53','2016-12-19 20:48:53',NULL,NULL,0),('20000000000000000000000000000103','20000000000000000000000000000001','STEREOTYPE','版型','10000000000000000000000000000002',NULL,NULL,'3',NULL,'\0',2,'admin','admin','2016-12-19 20:48:56','2016-12-19 20:48:56',NULL,NULL,0),('20000000000000000000000000000104','20000000000000000000000000000001','ENTITY','实体','10000000000000000000000000000002',NULL,NULL,'4',NULL,'\0',3,'admin','admin','2016-12-19 20:48:58','2016-12-19 20:48:58',NULL,NULL,0),('20000000000000000000000000000105','20000000000000000000000000000001','ENUMERATION','枚举','10000000000000000000000000000002',NULL,NULL,'5',NULL,'\0',4,'admin','admin','2016-12-19 20:49:01','2016-12-19 20:49:01',NULL,NULL,0),('20000000000000000000000000000106','20000000000000000000000000000001','DTO','数据传输对象','10000000000000000000000000000002',NULL,NULL,'6',NULL,'\0',5,'admin','admin','2016-12-19 20:49:04','2016-12-19 20:49:04',NULL,NULL,0),('20000000000000000000000000000107','20000000000000000000000000000001','SERVICE','服务','10000000000000000000000000000002',NULL,NULL,'7',NULL,'\0',6,'admin','admin','2016-12-19 20:49:09','2016-12-19 20:49:09',NULL,NULL,0),('20000000000000000000000000000201','20000000000000000000000000000002','FLAT','扁平型','10000000000000000000000000000002',NULL,NULL,'1',NULL,'\0',1,'admin','admin','2016-12-19 20:34:30','2016-12-19 20:34:33',NULL,NULL,0),('20000000000000000000000000000202','20000000000000000000000000000002','TREE','树型','10000000000000000000000000000002',NULL,NULL,'2',NULL,'\0',2,'admin','admin','2016-12-19 20:34:30','2016-12-19 20:34:33',NULL,NULL,0),('20000000000000000000000000000203','20000000000000000000000000000002','GRAPH','图型','10000000000000000000000000000002',NULL,NULL,'3',NULL,'\0',3,'admin','admin','2016-12-19 20:34:30','2016-12-19 20:34:33',NULL,NULL,0),('20000000000000000000000000000301','20000000000000000000000000000003','READ','读','10000000000000000000000000000002',NULL,NULL,'1',NULL,'\0',1,'admin','admin','2016-12-19 20:34:30','2016-12-19 20:34:33',NULL,NULL,0),('20000000000000000000000000000302','20000000000000000000000000000003','WRITE','写','10000000000000000000000000000002',NULL,NULL,'2',NULL,'\0',2,'admin','admin','2016-12-19 20:34:30','2016-12-19 20:34:33',NULL,NULL,0),('20000000000000000000000000000401','20000000000000000000000000000004','REFERENCE','引用','10000000000000000000000000000002',NULL,NULL,'1',NULL,'\0',1,'admin','admin','2016-12-19 20:34:30','2016-12-19 20:34:33',NULL,NULL,0),('20000000000000000000000000000402','20000000000000000000000000000004','EXTENDS','继承','10000000000000000000000000000002',NULL,NULL,'2',NULL,'\0',2,'admin','admin','2016-12-19 20:34:30','2016-12-19 20:34:33',NULL,NULL,0),('20000000000000000000000000000403','20000000000000000000000000000004','COMBINATION','组合','10000000000000000000000000000002',NULL,NULL,'3',NULL,'\0',3,'admin','admin','2016-12-19 20:34:30','2016-12-19 20:34:33',NULL,NULL,0),('20000000000000000000000000400101','20000000000000000000000000004001','id','主键','10000000000000000000000000001002',32,0,NULL,NULL,'\0',1,'admin','admin','2016-12-20 10:28:59','2016-12-20 10:28:59',NULL,NULL,0),('20000000000000000000000000400102','20000000000000000000000000004001','sysVersion','系统版本','10000000000000000000000000000003',0,0,'1','系统记录变更版本，用于并发控制','\0',2,'admin','admin','2016-12-20 10:28:55','2016-12-20 10:28:55',NULL,NULL,0),('20000000000000000000000000400103','20000000000000000000000000004001','createdBy','创建人','10000000000000000000000000000004',50,0,NULL,'系统记录创建人','\0',3,'admin','admin','2016-12-20 10:28:51','2016-12-20 10:28:51',NULL,NULL,0),('20000000000000000000000000400104','20000000000000000000000000004001','modifiedBy','修改人','10000000000000000000000000000004',50,0,NULL,'系统记录最后修改人','\0',4,'admin','admin','2016-12-19 20:34:30','2016-12-19 20:34:33',NULL,NULL,0),('20000000000000000000000000400105','20000000000000000000000000004001','deletedBy','删除人','10000000000000000000000000000004',50,0,NULL,'系统记录逻辑删除人','',5,'admin','admin','2016-12-19 20:34:30','2016-12-19 20:34:33',NULL,NULL,0),('20000000000000000000000000400106','20000000000000000000000000004001','createdOn','创建时间','10000000000000000000000000001001',0,0,NULL,'系统记录创建时间','\0',6,'admin','admin','2016-12-19 20:34:30','2016-12-19 20:34:33',NULL,NULL,0),('20000000000000000000000000400107','20000000000000000000000000004001','modifiedOn','修改时间','10000000000000000000000000001001',0,0,NULL,'系统记录最近修改时间','\0',7,'admin','admin','2016-12-19 20:34:30','2016-12-19 20:34:33',NULL,NULL,0),('20000000000000000000000000400108','20000000000000000000000000004001','deletedOn','删除时间','10000000000000000000000000001001',0,0,NULL,'系统记录逻辑删除的时间','',8,'admin','admin','2016-12-19 20:34:30','2016-12-19 20:34:33',NULL,NULL,0),('20000000000000000000000000400201','20000000000000000000000000004002','code','编码','10000000000000000000000000000004',50,0,NULL,'编码','\0',1,'admin','admin','2016-12-19 20:34:30','2016-12-19 20:34:33',NULL,NULL,0),('20000000000000000000000000400202','20000000000000000000000000004002','name','名称','10000000000000000000000000000004',50,0,NULL,'名称','\0',2,'admin','admin','2016-12-19 20:34:30','2016-12-19 20:34:33',NULL,NULL,0),('20000000000000000000000000400203','20000000000000000000000000004002','description','描述','10000000000000000000000000000004',500,0,NULL,'描述','',3,'admin','admin','2016-12-19 20:34:30','2016-12-19 20:34:33',NULL,NULL,0),('20000000000000000000000000400301','20000000000000000000000000004003','level','级次','10000000000000000000000000000004',50,0,'1','树形档案级次从1开始','\0',1,'admin','admin','2016-12-25 16:37:22','2016-12-25 16:37:22',NULL,NULL,0),('20000000000000000000000000400302','20000000000000000000000000004003','parent','父级','10000000000000000000000000001002',32,0,NULL,'父级档案对象','',2,'admin','admin','2017-01-11 13:44:07','2017-01-11 13:44:07',NULL,NULL,0),('20000000000000000000000000400401','20000000000000000000000000004004','from','依赖方','10000000000000000000000000001002',32,0,NULL,'依赖的一方（有具体类型）','\0',1,'admin','admin','2017-01-11 13:56:33','2017-01-11 13:56:33',NULL,NULL,0),('20000000000000000000000000400402','20000000000000000000000000004004','to','被依赖方','10000000000000000000000000001002',32,0,NULL,'被依赖的一方（有具体类型）','\0',2,'admin','admin','2017-01-11 13:57:00','2017-01-11 13:57:00',NULL,NULL,0),('20000000000000000000000000410101','20000000000000000000000000004101','comCode','公司编码','10000000000000000000000000000004',50,0,'hnmtx','公司编码，生成为包名的一部分','\0',1,'admin','admin','2017-01-11 13:44:07','2017-01-11 13:44:07',NULL,NULL,0),('20000000000000000000000000410201','20000000000000000000000000004102','simpleCode','简码','10000000000000000000000000000004',50,0,NULL,'简码，用于生成数据表的前缀','\0',1,'admin','admin','2017-01-11 13:44:07','2017-01-11 13:44:07',NULL,NULL,0),('20000000000000000000000000410202','20000000000000000000000000004102','virtual','虚拟模块','10000000000000000000000000000005',NULL,NULL,'0','表示没有完整的结构，为系统预置模块','\0',2,'admin','admin','2017-01-11 13:44:07','2017-01-11 13:44:07',NULL,NULL,0),('20000000000000000000000000410203','20000000000000000000000000004102','project','元项目','20000000000000000000000000004101',NULL,NULL,NULL,'元模块隶属的元项目','\0',3,'admin','admin','2017-01-11 13:44:07','2017-01-11 13:44:07',NULL,NULL,0),('20000000000000000000000000410401','20000000000000000000000000004104','project','元项目','20000000000000000000000000004101',32,0,NULL,'该类隶属的元项目','\0',1,'admin','admin','2017-01-11 13:44:07','2017-01-11 13:44:07',NULL,NULL,0),('20000000000000000000000000410402','20000000000000000000000000004104','module','元模块','20000000000000000000000000004102',32,0,NULL,'该类隶属的元模块','\0',2,'admin','admin','2017-01-11 13:44:07','2017-01-11 13:44:07',NULL,NULL,0),('20000000000000000000000000410403','20000000000000000000000000004104','fullName','全名','10000000000000000000000000001002',200,0,NULL,'包名（com.项目公司简码.项目编码.模块编码）+类名','\0',3,'admin','admin','2017-01-11 13:44:07','2017-01-11 13:44:07',NULL,NULL,0),('20000000000000000000000000410404','20000000000000000000000000004104','isAbstract','是否抽象','10000000000000000000000000000005',NULL,0,'0','是否抽象类','\0',4,'admin','admin','2017-01-11 13:44:07','2017-01-11 13:44:07',NULL,NULL,0),('20000000000000000000000000410405','20000000000000000000000000004104','classType','类类型','20000000000000000000000000000001',NULL,NULL,'4','类的类型（实体，枚举，DTO，服务...)','\0',5,'admin','admin','2017-01-11 13:44:07','2017-01-11 13:44:07',NULL,NULL,0),('20000000000000000000000000410406','20000000000000000000000000004104','tableName','数据表名','10000000000000000000000000001002',50,NULL,NULL,'对应数据库的表名','\0',6,'admin','admin','2017-01-11 13:44:07','2017-01-11 13:44:07',NULL,NULL,0),('20000000000000000000000000410407','20000000000000000000000000004104','structureType','结构类型','20000000000000000000000000000002',NULL,NULL,'1','结构类型(扁平，树形，图形)','\0',7,'admin','admin','2017-01-11 13:44:07','2017-01-11 13:44:07',NULL,NULL,0),('20000000000000000000000000410408','20000000000000000000000000004104','rwFlag','读写标志','20000000000000000000000000000003',NULL,NULL,'1','描述读服务还是写服务','\0',8,'admin','admin','2017-01-11 13:44:07','2017-01-11 13:44:07',NULL,NULL,0),('20000000000000000000000000410501','20000000000000000000000000004105','mdClass','元数据类','20000000000000000000000000004104',32,NULL,NULL,'该属性隶属元数据类','\0',1,'admin','admin','2017-01-11 13:44:07','2017-01-11 13:44:07',NULL,NULL,0),('20000000000000000000000000410502','20000000000000000000000000004105','type','属性类型','20000000000000000000000000004104',32,NULL,NULL,'该属性本身的类型','\0',2,'admin','admin','2017-01-11 13:44:07','2017-01-11 13:44:07',NULL,NULL,0),('20000000000000000000000000410503','20000000000000000000000000004105','length','长度','10000000000000000000000000000002',NULL,NULL,NULL,'描述属性值的长度','\0',3,'admin','admin','2017-01-11 13:44:07','2017-01-11 13:44:07',NULL,NULL,0),('20000000000000000000000000410504','20000000000000000000000000004105','precision','精度','10000000000000000000000000000002',NULL,NULL,NULL,'数值型数值的小数位','\0',4,'admin','admin','2017-01-11 13:44:07','2017-01-11 13:44:07',NULL,NULL,0),('20000000000000000000000000410505','20000000000000000000000000004105','nullable','是否可空','10000000000000000000000000000005',NULL,NULL,'1','是否可空','\0',5,'admin','admin','2017-01-11 13:44:07','2017-01-11 13:44:07',NULL,NULL,0),('20000000000000000000000000410506','20000000000000000000000000004105','defaultValue','默认值','10000000000000000000000000001002',50,NULL,NULL,'属性默认值','\0',6,'admin','admin','2017-01-11 13:44:07','2017-01-11 13:44:07',NULL,NULL,0),('20000000000000000000000000410507','20000000000000000000000000004105','sn','顺序号','10000000000000000000000000000002',NULL,NULL,'1','属性位置','\0',7,'admin','admin','2017-01-11 13:44:07','2017-01-11 13:44:07',NULL,NULL,0),('20000000000000000000000000410601','20000000000000000000000000004106','mdClass','元数据类','20000000000000000000000000004104',32,NULL,NULL,'该业务主键隶属的元数据类','\0',1,'admin','admin','2017-01-11 13:44:07','2017-01-11 13:44:07',NULL,NULL,0),('20000000000000000000000000410602','20000000000000000000000000004106','attr1','属性1','20000000000000000000000000004105',32,NULL,NULL,'主键关联的属性1','\0',2,'admin','admin','2017-01-11 13:44:07','2017-01-11 13:44:07',NULL,NULL,0),('20000000000000000000000000410603','20000000000000000000000000004106','attr2','属性2','20000000000000000000000000004105',32,NULL,NULL,'主键关联的属性2','',3,'admin','admin','2017-01-11 13:44:07','2017-01-11 13:44:07',NULL,NULL,0),('20000000000000000000000000410604','20000000000000000000000000004106','attr3','属性3','20000000000000000000000000004105',32,NULL,NULL,'主键关联的属性3','',4,'admin','admin','2017-01-11 13:44:07','2017-01-11 13:44:07',NULL,NULL,0),('20000000000000000000000000410605','20000000000000000000000000004106','attr4','属性4','20000000000000000000000000004105',32,NULL,NULL,'主键关联的属性4','',5,'admin','admin','2017-01-11 13:44:07','2017-01-11 13:44:07',NULL,NULL,0),('20000000000000000000000000410606','20000000000000000000000000004106','attr5','属性5','20000000000000000000000000004105',32,NULL,NULL,'主键关联的属性5','',6,'admin','admin','2017-01-11 13:44:07','2017-01-11 13:44:07',NULL,NULL,0),('20000000000000000000000000410607','20000000000000000000000000004106','attr6','属性6','20000000000000000000000000004105',32,NULL,NULL,'主键关联的属性6','',7,'admin','admin','2017-01-11 13:44:07','2017-01-11 13:44:07',NULL,NULL,0),('20000000000000000000000000410608','20000000000000000000000000004106','attr7','属性7','20000000000000000000000000004105',32,NULL,NULL,'主键关联的属性7','',8,'admin','admin','2017-01-11 13:44:07','2017-01-11 13:44:07',NULL,NULL,0),('20000000000000000000000000410609','20000000000000000000000000004106','attr8','属性8','20000000000000000000000000004105',32,NULL,NULL,'主键关联的属性8','',9,'admin','admin','2017-01-11 13:44:07','2017-01-11 13:44:07',NULL,NULL,0),('20000000000000000000000000410610','20000000000000000000000000004106','attr9','属性9','20000000000000000000000000004105',32,NULL,NULL,'主键关联的属性9','',10,'admin','admin','2017-01-11 13:44:07','2017-01-11 13:44:07',NULL,NULL,0),('20000000000000000000000000410611','30000000000000000000000000004001','passWord','密码','10000000000000000000000000000004',50,0,NULL,'密码','\0',1,'admin','admin','2017-01-12 17:15:42','2017-01-12 17:15:42',NULL,NULL,0);

/*Table structure for table `md_businesskey` */

DROP TABLE IF EXISTS `md_businesskey`;

CREATE TABLE `md_businesskey` (
  `id` char(32) NOT NULL COMMENT '暂时只考虑1个开发公司，后续考虑支持更多',
  `code` varchar(20) NOT NULL,
  `name` varchar(50) NOT NULL,
  `description` varchar(200) DEFAULT NULL,
  `mdClassId` char(32) NOT NULL,
  `attr1Id` char(32) NOT NULL,
  `attr2Id` char(32) DEFAULT NULL,
  `attr3Id` char(32) DEFAULT NULL,
  `attr4Id` char(32) DEFAULT NULL,
  `attr5Id` char(32) DEFAULT NULL,
  `attr6Id` char(32) DEFAULT NULL,
  `attr7Id` char(32) DEFAULT NULL,
  `attr8Id` char(32) DEFAULT NULL,
  `attr9Id` char(32) DEFAULT NULL,
  `createdBy` varchar(50) NOT NULL DEFAULT 'admin',
  `modifiedBy` varchar(50) NOT NULL DEFAULT 'admin',
  `createdOn` timestamp NOT NULL DEFAULT '0000-00-00 00:00:00' ON UPDATE CURRENT_TIMESTAMP,
  `modifiedOn` timestamp NOT NULL DEFAULT '0000-00-00 00:00:00' ON UPDATE CURRENT_TIMESTAMP,
  `sysversion` bigint(20) NOT NULL DEFAULT '1',
  `deletedBy` varchar(50) DEFAULT NULL,
  `deletedOn` timestamp NULL DEFAULT NULL,
  PRIMARY KEY (`id`),
  UNIQUE KEY `bizKey` (`mdClassId`,`code`) USING BTREE
) ENGINE=InnoDB DEFAULT CHARSET=utf8;

/*Data for the table `md_businesskey` */

insert  into `md_businesskey`(`id`,`code`,`name`,`description`,`mdClassId`,`attr1Id`,`attr2Id`,`attr3Id`,`attr4Id`,`attr5Id`,`attr6Id`,`attr7Id`,`attr8Id`,`attr9Id`,`createdBy`,`modifiedBy`,`createdOn`,`modifiedOn`,`sysversion`,`deletedBy`,`deletedOn`) values ('30000000000000000000000000004001','code','编码唯一',NULL,'30000000000000000000000000004001','20000000000000000000000000400201',NULL,NULL,NULL,NULL,NULL,NULL,NULL,NULL,'admin','admin','2017-01-12 19:19:02','2017-01-12 19:19:05',0,NULL,NULL);

/*Table structure for table `md_class` */

DROP TABLE IF EXISTS `md_class`;

CREATE TABLE `md_class` (
  `id` char(32) NOT NULL COMMENT '暂时只考虑1个开发公司，后续考虑支持更多',
  `code` varchar(50) NOT NULL,
  `name` varchar(50) NOT NULL,
  `fullName` varchar(100) NOT NULL COMMENT '类全名',
  `projectId` char(32) NOT NULL,
  `moduleId` char(32) NOT NULL,
  `description` varchar(2000) NOT NULL COMMENT '公司编码',
  `parentId` char(32) DEFAULT NULL COMMENT '继承类名',
  `isAbstract` tinyint(1) NOT NULL DEFAULT '0',
  `classTypeValue` smallint(4) NOT NULL,
  `tableName` varchar(50) DEFAULT NULL,
  `structureTypeValue` smallint(4) DEFAULT NULL,
  `rwFlagValue` smallint(4) DEFAULT NULL,
  `createdBy` varchar(50) NOT NULL DEFAULT '',
  `modifiedBy` varchar(50) NOT NULL DEFAULT '',
  `createdOn` timestamp NOT NULL DEFAULT '0000-00-00 00:00:00',
  `modifiedOn` timestamp NOT NULL DEFAULT '0000-00-00 00:00:00',
  `sysversion` bigint(20) NOT NULL DEFAULT '0',
  `deletedBy` varchar(50) DEFAULT NULL,
  `deletedOn` timestamp NULL DEFAULT NULL,
  PRIMARY KEY (`id`,`createdBy`),
  KEY `bizKeyFullName` (`fullName`) USING BTREE
) ENGINE=InnoDB DEFAULT CHARSET=utf8;

/*Data for the table `md_class` */

insert  into `md_class`(`id`,`code`,`name`,`fullName`,`projectId`,`moduleId`,`description`,`parentId`,`isAbstract`,`classTypeValue`,`tableName`,`structureTypeValue`,`rwFlagValue`,`createdBy`,`modifiedBy`,`createdOn`,`modifiedOn`,`sysversion`,`deletedBy`,`deletedOn`) values ('10000000000000000000000000000000','Object','对象','java.lang.Object','00000000000000000000000000000000','00000000000000000000000000000001','',NULL,0,1,NULL,NULL,NULL,'admin','admin','2016-12-19 17:01:08','2016-12-19 17:01:12',0,NULL,NULL),('10000000000000000000000000000001','Void','空','java.lang.Void','00000000000000000000000000000000','00000000000000000000000000000001','',NULL,0,1,NULL,NULL,NULL,'admin','admin','2016-12-19 17:01:08','2016-12-19 17:01:12',0,NULL,NULL),('10000000000000000000000000000002','Integer','整数','java.lang.Integer','00000000000000000000000000000000','00000000000000000000000000000001','',NULL,0,1,NULL,NULL,NULL,'admin','admin','2016-12-19 17:01:08','2016-12-19 17:01:12',0,NULL,NULL),('10000000000000000000000000000003','Long','长整数','java.lang.Long','00000000000000000000000000000000','00000000000000000000000000000001','',NULL,0,1,NULL,NULL,NULL,'admin','admin','2016-12-19 17:01:08','2016-12-19 17:01:12',0,NULL,NULL),('10000000000000000000000000000004','String','字符串','java.lang.String','00000000000000000000000000000000','00000000000000000000000000000001','',NULL,0,1,NULL,NULL,NULL,'admin','admin','2016-12-19 17:01:08','2016-12-19 17:01:12',0,NULL,NULL),('10000000000000000000000000000005','Boolean','布尔','java.lang.Boolean','00000000000000000000000000000000','00000000000000000000000000000001','',NULL,0,1,NULL,NULL,NULL,'admin','admin','2016-12-19 17:01:08','2016-12-19 17:01:12',0,NULL,NULL),('10000000000000000000000000000006','Double','双精度数值','java.lang.Double','00000000000000000000000000000000','00000000000000000000000000000001','',NULL,0,1,NULL,NULL,NULL,'admin','admin','2016-12-19 17:01:08','2016-12-19 17:01:12',0,NULL,NULL),('10000000000000000000000000000007','Date','日期','java.util.Date','00000000000000000000000000000000','00000000000000000000000000000001',' ',NULL,0,1,NULL,NULL,NULL,'admin','admin','2016-12-19 22:04:44','2016-12-19 22:04:47',0,NULL,NULL),('10000000000000000000000000001001','DateTime','日期时间','java.util.Date','00000000000000000000000000000000','00000000000000000000000000000001','日期时间类型',NULL,0,2,NULL,NULL,NULL,'admin','admin','2016-12-20 09:39:28','2016-12-20 09:39:31',0,NULL,NULL),('10000000000000000000000000001002','ID','ID','java.lang.String','00000000000000000000000000000000','00000000000000000000000000000001','ID自定义类型',NULL,0,2,NULL,NULL,NULL,'admin','admin','2016-12-20 09:30:12','2016-12-20 09:30:15',0,NULL,NULL),('10000000000000000000000000001003','JSON','JSON','java.lang.String','00000000000000000000000000000000','00000000000000000000000000000001','JSON自定义类型',NULL,0,2,NULL,NULL,NULL,'admin','admin','2017-01-12 17:14:32','2017-01-12 17:14:36',0,NULL,NULL),('20000000000000000000000000000001','MdClassTypeEnum','类类型枚举','com.hnmtx.system.metadata.enums.MdClassTypeEnum','00000000000000000000000000000000','00000000000000000000000000000002','',NULL,0,5,NULL,NULL,NULL,'admin','admin','2016-12-19 17:01:08','2016-12-19 17:01:12',0,NULL,NULL),('20000000000000000000000000000002','StructureTypeEnum','结构类型枚举','com.hnmtx.system.metadata.enums.StructureTypeEnum','00000000000000000000000000000000','00000000000000000000000000000002','',NULL,0,5,NULL,NULL,NULL,'admin','admin','2016-12-19 17:01:08','2016-12-19 17:01:12',0,NULL,NULL),('20000000000000000000000000000003','ReadWriteFlagEnum','读写类型','com.hnmtx.system.metadata.enums.ReadWriteFlagEnum','00000000000000000000000000000000','00000000000000000000000000000002','',NULL,0,5,NULL,NULL,NULL,'admin','admin','2016-12-19 17:01:08','2016-12-19 17:01:12',0,NULL,NULL),('20000000000000000000000000000004','RelationTypeEnum','关系类型','com.hnmtx.system.metadata.enums.RelationTypeEnum','00000000000000000000000000000000','00000000000000000000000000000002','',NULL,0,5,NULL,NULL,NULL,'admin','admin','2016-12-19 17:01:08','2016-12-19 17:01:12',0,NULL,NULL),('20000000000000000000000000004001','AbstractEntity','抽象实体','com.hnmtx.system.common.base.AbstractEntity','00000000000000000000000000000000','00000000000000000000000000000001','抽象实体，一切实体的基类（8个通用字段）',NULL,1,4,NULL,NULL,NULL,'admin','admin','2016-12-19 17:01:08','2016-12-19 17:01:12',0,NULL,NULL),('20000000000000000000000000004002','BaseFile','基本档案数据','com.hnmtx.system.common.base.BaseFile','00000000000000000000000000000000','00000000000000000000000000000001','一切档案数据的基类','20000000000000000000000000004001',1,4,NULL,NULL,NULL,'admin','admin','2016-12-20 10:00:53','2016-12-20 10:00:57',0,NULL,NULL),('20000000000000000000000000004003','BaseTreeFileData','基本树形档案','com.hnmtx.system.common.data.BaseTreeFileData','00000000000000000000000000000000','00000000000000000000000000000001','基本树形档案（parent,level)，表达层级结构','20000000000000000000000000004002',1,4,NULL,NULL,NULL,'admin','admin','2016-12-20 10:26:38','2016-12-20 10:26:41',0,NULL,NULL),('20000000000000000000000000004004','BaseDependenceData','基本依赖数据','com.hnmtx.system.common.data.BaseDependenceData','00000000000000000000000000000000','00000000000000000000000000000001','基本依赖，描述构建图的关系','20000000000000000000000000004001',1,4,NULL,NULL,NULL,'admin','admin','2017-01-11 11:22:56','2017-01-11 11:23:00',0,NULL,NULL),('20000000000000000000000000004101','MdProject','元项目','com.hnmtx.system.metadata.MdProject','00000000000000000000000000000000','00000000000000000000000000000002','描述开发的元数据项目，对应实际的开发项目','20000000000000000000000000004002',0,4,'md_project',1,NULL,'admin','admin','2016-12-20 10:26:38','2016-12-20 10:26:41',0,NULL,NULL),('20000000000000000000000000004102','MdModule','元模块','com.hnmtx.system.metadata.MdModule','00000000000000000000000000000000','00000000000000000000000000000002','描述开发的层级划分和组织方式','20000000000000000000000000004002',0,4,'md_module',1,NULL,'admin','admin','2016-12-20 10:26:38','2016-12-20 10:26:41',0,NULL,NULL),('20000000000000000000000000004103','MdModuleDependence','元模块依赖','com.hnmtx.system.metadata.MdModuleDependence','00000000000000000000000000000000','00000000000000000000000000000002','描述模块的依赖关系','20000000000000000000000000004004',0,4,'md_moduledependence',3,NULL,'admin','admin','2016-12-20 10:26:38','2016-12-20 10:26:41',0,NULL,NULL),('20000000000000000000000000004104','MdClass','元数据类','com.hnmtx.system.metadata.MdClass','00000000000000000000000000000000','00000000000000000000000000000002','描述实体，枚举，服务，DTO等','20000000000000000000000000004003',0,4,'md_class',2,NULL,'admin','admin','2016-12-20 10:26:38','2016-12-20 10:26:41',0,NULL,NULL),('20000000000000000000000000004105','MdAttribute','元属性','com.hnmtx.system.metadata.MdAttribute','00000000000000000000000000000000','00000000000000000000000000000002','描述元数据类的属性集合','20000000000000000000000000004002',0,4,'md_attribute',1,NULL,'admin','admin','2016-12-20 10:26:38','2016-12-20 10:26:41',0,NULL,NULL),('20000000000000000000000000004106','MdBusinessKey','业务主键','com.hnmtx.system.metadata.MdBusinessKey','00000000000000000000000000000000','00000000000000000000000000000002','描述实体的业务主键组合（一个实体可以有多个业务主键组合，每个组合不超过9个字段）','20000000000000000000000000004002',0,4,'md_businesskey',1,NULL,'admin','admin','2016-12-20 10:26:38','2016-12-20 10:26:41',0,NULL,NULL),('30000000000000000000000000004001','User','用户','com.hnmtx.mytest.User','00000000000000000000010000000000','00000000000000000000010000000001','用户实体','20000000000000000000000000004002',0,4,'base_user',1,NULL,'admin','admin','2016-12-20 10:26:38','2016-12-20 10:26:38',0,NULL,NULL),('587f58221dadcfbac1f1594600000000','dfhgdf','ghdfghdfgh','sdfasdfasdfasdf','00000000000000000000000000000000','00000000000000000000000000000002','dfghdfghf',NULL,0,3,NULL,NULL,NULL,'admin','admin','2017-01-18 19:58:48','2017-01-18 19:58:48',1,NULL,NULL),('58801f817c1ff9ff4ba1816f00000000','1234','123123','12313','00000000000000000000000000000000','00000000000000000000000000000001','<strong></strong><em><u>ASDAASDFASDADSFADASFASAF</u><u></u></em><em></em><br />',NULL,0,4,'123123',2,NULL,'admin','admin','2017-01-19 10:09:27','2017-01-19 10:09:27',1,NULL,NULL),('5880205a7c1ff9ff4ba1817100000000','ASDFA','FASDFASDF','ASDFASDF','00000000000000000000000000000000','00000000000000000000000000000001','<span style=\"background-color:#E53333;\"><span style=\"font-family:Microsoft YaHei;font-size:16px;\">ASDFASDFASDFASDASDFADSFASD</span><span style=\"color:#E53333;\"><span style=\"font-size:18px;\"><span style=\"font-size:18px;\"><span style=\"font-family:Microsoft YaHei;\"></span></span></span></span></span><span style=\"background-color:#E56600;\"></span>',NULL,0,3,NULL,NULL,NULL,'admin','admin','2017-01-19 10:13:05','2017-01-19 10:13:05',1,NULL,NULL);

/*Table structure for table `md_module` */

DROP TABLE IF EXISTS `md_module`;

CREATE TABLE `md_module` (
  `id` char(32) NOT NULL COMMENT '暂时只考虑1个开发公司，后续考虑支持更多',
  `code` varchar(20) NOT NULL,
  `name` varchar(50) NOT NULL,
  `projectId` char(32) NOT NULL,
  `simpleCode` varchar(20) NOT NULL,
  `description` varchar(200) DEFAULT NULL COMMENT '公司编码',
  `virtual` tinyint(1) NOT NULL DEFAULT '0',
  `createdBy` varchar(50) NOT NULL DEFAULT '',
  `modifiedBy` varchar(50) NOT NULL DEFAULT '',
  `createdOn` timestamp NOT NULL DEFAULT '0000-00-00 00:00:00',
  `modifiedOn` timestamp NOT NULL DEFAULT '0000-00-00 00:00:00',
  `sysVersion` bigint(20) NOT NULL DEFAULT '0',
  `deletedBy` varchar(50) DEFAULT NULL,
  `deletedOn` timestamp NULL DEFAULT NULL,
  PRIMARY KEY (`id`,`createdBy`),
  UNIQUE KEY `bizKeyCode` (`code`) USING BTREE
) ENGINE=InnoDB DEFAULT CHARSET=utf8;

/*Data for the table `md_module` */

insert  into `md_module`(`id`,`code`,`name`,`projectId`,`simpleCode`,`description`,`virtual`,`createdBy`,`modifiedBy`,`createdOn`,`modifiedOn`,`sysVersion`,`deletedBy`,`deletedOn`) values ('00000000000000000000000000000001','common','通用','00000000000000000000000000000000','comm','通用虚拟模块，用于管理基本类型等',1,'admin','admin','2016-12-19 17:01:08','2016-12-19 17:01:12',0,NULL,NULL),('00000000000000000000000000000002','metadata','元数据','00000000000000000000000000000000','md','元数据模块',0,'admin','admin','2016-12-19 19:24:11','2016-12-19 19:24:16',0,NULL,NULL),('00000000000000000000010000000001','base','基础','00000000000000000000010000000000','base','基础功能模块',0,'admin','admin','2017-01-05 18:00:15','2017-01-05 18:00:18',0,NULL,NULL),('587ecef41dad6c0ded20fb8a00000000','projectManage','项目管理模块','00000000000000000000000000000000','PM','项目管理模块<br />',1,'admin','admin','2017-01-18 10:13:30','2017-01-18 10:35:13',3,NULL,NULL);

/*Table structure for table `md_moduledependence` */

DROP TABLE IF EXISTS `md_moduledependence`;

CREATE TABLE `md_moduledependence` (
  `id` char(32) NOT NULL COMMENT '暂时只考虑1个开发公司，后续考虑支持更多',
  `fromId` char(32) NOT NULL,
  `toId` char(32) NOT NULL,
  `createdBy` varchar(50) NOT NULL DEFAULT '',
  `modifiedBy` varchar(50) NOT NULL DEFAULT '',
  `createdOn` timestamp NOT NULL DEFAULT '0000-00-00 00:00:00',
  `modifiedOn` timestamp NOT NULL DEFAULT '0000-00-00 00:00:00',
  `sysversion` bigint(20) NOT NULL DEFAULT '0',
  `deletedBy` varchar(50) DEFAULT NULL,
  `deletedOn` timestamp NULL DEFAULT NULL,
  PRIMARY KEY (`id`),
  UNIQUE KEY `bizKey` (`fromId`,`toId`) USING BTREE
) ENGINE=InnoDB DEFAULT CHARSET=utf8;

/*Data for the table `md_moduledependence` */

insert  into `md_moduledependence`(`id`,`fromId`,`toId`,`createdBy`,`modifiedBy`,`createdOn`,`modifiedOn`,`sysversion`,`deletedBy`,`deletedOn`) values ('40000000000000000000000000000001','00000000000000000000010000000001','00000000000000000000000000000002','admin','admin','2016-12-19 17:01:08','2016-12-19 17:01:12',0,NULL,NULL);

/*Table structure for table `md_project` */

DROP TABLE IF EXISTS `md_project`;

CREATE TABLE `md_project` (
  `id` char(32) NOT NULL COMMENT '暂时只考虑1个开发公司，后续考虑支持更多',
  `code` varchar(10) NOT NULL,
  `name` varchar(50) NOT NULL,
  `description` varchar(500) DEFAULT NULL,
  `comCode` varchar(50) NOT NULL COMMENT '公司编码',
  `createdBy` varchar(50) NOT NULL DEFAULT '',
  `modifiedBy` varchar(50) NOT NULL DEFAULT '',
  `createdOn` timestamp NOT NULL DEFAULT '0000-00-00 00:00:00',
  `modifiedOn` timestamp NOT NULL DEFAULT '0000-00-00 00:00:00',
  `sysversion` bigint(20) NOT NULL DEFAULT '0',
  `deletedBy` varchar(50) DEFAULT NULL,
  `deletedOn` timestamp NULL DEFAULT NULL,
  PRIMARY KEY (`id`),
  UNIQUE KEY `code` (`code`) USING BTREE,
  UNIQUE KEY `name` (`name`) USING BTREE
) ENGINE=InnoDB DEFAULT CHARSET=utf8;

/*Data for the table `md_project` */

insert  into `md_project`(`id`,`code`,`name`,`description`,`comCode`,`createdBy`,`modifiedBy`,`createdOn`,`modifiedOn`,`sysversion`,`deletedBy`,`deletedOn`) values ('00000000000000000000000000000000','system','预置系统项目',NULL,'hnmtx','admin','admin','2016-12-19 17:01:08','2016-12-19 17:01:12',0,NULL,NULL),('00000000000000000000010000000000','platform','平台','新润达管理系统平台','hnmtx','admin','admin','2017-01-05 17:58:10','2017-01-12 17:15:07',6,'',NULL);

/*!40101 SET SQL_MODE=@OLD_SQL_MODE */;
/*!40014 SET FOREIGN_KEY_CHECKS=@OLD_FOREIGN_KEY_CHECKS */;
/*!40014 SET UNIQUE_CHECKS=@OLD_UNIQUE_CHECKS */;
/*!40111 SET SQL_NOTES=@OLD_SQL_NOTES */;
